city,country,lat,lng,population,Cost of Living Index,Rent Index,Cost of Living Plus Rent Index,Groceries Index,Restaurant Price Index,Local Purchasing Power Index,Temp_DecJanFeb,Temp_MarAprMay,Temp_JunJulAug,Temp_SepOctNov,Temp_YearAvg
Tokyo,Japan,35.687,139.7495,37785000.0,85.61,42.71,65.5,94.94,52.26,88.58,6.2,13.6,24.3,17.5,15.4
Jakarta,Indonesia,-6.175,106.8275,33756000.0,40.86,16.46,29.42,41.78,23.44,25.32,26.2,26.9,26.6,27.1,26.7
Guangzhou,China,23.13,113.26,26940000.0,41.11,21.43,31.88,43.52,27.08,70.13,14.9,22.1,28.5,24.1,22.4
Mumbai,India,19.0761,72.8775,24973000.0,29.33,19.72,24.82,29.73,25.17,48.03,24.5,28.4,28.0,27.6,27.1
Manila,Philippines,14.5958,120.9772,24922000.0,40.77,25.18,33.46,39.85,25.18,22.24,27.0,29.6,28.7,28.3,28.4
Shanghai,China,31.2286,121.4747,24073000.0,53.9,44.47,49.48,57.06,42.55,53.0,5.9,15.0,26.9,19.0,16.7
Seoul,"Korea, South",37.5667,126.9833,23016000.0,78.66,33.87,57.66,98.28,47.26,74.5,-0.5,12.0,24.3,14.4,12.5
Mexico City,Mexico,19.4333,-99.1333,21804000.0,37.41,20.93,29.68,35.45,37.82,36.74,15.2,19.2,18.6,17.1,17.5
Kolkata,India,22.5675,88.37,21747000.0,25.99,5.57,16.42,28.24,18.89,44.66,21.1,29.8,29.4,26.7,26.7
Cairo,Egypt,30.0444,31.2358,20296000.0,32.39,7.41,20.68,28.71,28.52,24.38,14.5,20.9,27.4,22.7,21.4
Karachi,Pakistan,24.86,67.01,20249000.0,20.75,4.84,13.29,18.48,15.21,29.16,19.3,27.8,30.2,26.9,26.0
Dhaka,Bangladesh,23.7289,90.3944,19134000.0,35.12,6.21,21.57,31.49,24.41,23.81,20.2,27.8,28.9,26.6,25.9
Beijing,China,39.9067,116.3975,18522000.0,49.53,39.16,44.67,47.4,39.45,53.08,-1.2,14.1,25.7,13.2,12.9
Bangkok,Thailand,13.7525,100.4942,18007000.0,50.36,26.45,39.15,50.2,25.83,29.77,27.3,30.0,29.1,28.1,28.6
Moscow,Russia,55.7506,37.6175,17332000.0,42.2,28.04,35.56,33.38,44.85,49.56,-6.1,6.3,17.7,5.2,5.8
Buenos Aires,Argentina,-34.6036,-58.3814,16710000.0,35.25,10.73,23.75,28.54,34.35,26.89,23.9,18.1,11.8,17.7,17.9
Lagos,Nigeria,6.455,3.3841,16637000.0,37.33,61.89,48.84,39.28,29.59,8.3,27.7,27.9,25.3,26.4,26.8
Ho Chi Minh City,Vietnam,10.7756,106.7019,15136000.0,39.01,17.85,29.09,39.91,21.57,30.87,26.3,28.7,27.6,27.0,27.4
Istanbul,Turkey,41.0136,28.955,14441000.0,31.14,9.97,21.22,23.77,21.01,28.73,6.5,11.3,22.1,15.6,13.9
Tehran,Iran,35.6889,51.3897,14148000.0,31.47,22.8,27.41,21.75,25.88,14.55,3.7,16.0,29.0,18.3,17.0
Rio de Janeiro,Brazil,-22.9111,-43.2056,12592000.0,36.67,11.51,24.88,31.46,29.14,18.93,26.1,24.4,21.6,23.0,23.8
Lahore,Pakistan,31.5497,74.3436,12306000.0,21.53,4.03,13.33,18.48,17.34,24.42,14.1,26.2,32.0,24.9,24.3
London,United Kingdom,51.5072,-0.1275,11262000.0,85.62,76.51,81.35,64.08,89.41,88.79,5.3,10.3,17.9,11.9,11.3
London,United Kingdom,51.5072,-0.1275,11262000.0,70.49,36.54,54.57,64.74,79.2,100.36,5.3,10.3,17.9,11.9,11.3
Paris,France,48.8567,2.3522,11060000.0,84.35,48.79,67.68,83.65,81.64,80.2,5.3,11.8,19.6,12.6,12.3
Lima,Peru,-12.06,-77.0375,10320000.0,34.6,14.52,25.18,33.18,25.45,28.89,21.8,20.5,16.8,17.5,19.2
Kuala Lumpur,Malaysia,3.1686,101.698,8911000.0,39.25,14.13,27.47,41.08,24.67,64.04,27.0,27.8,27.6,27.0,27.3
Hanoi,Vietnam,21.0,105.85,8587100.0,36.85,12.21,25.3,38.66,19.21,30.67,17.3,23.8,28.9,24.6,23.6
Dar es Salaam,Tanzania,-6.8161,39.2803,7962000.0,33.97,16.59,25.82,31.15,22.16,13.54,27.5,26.5,23.8,25.3,25.8
Johannesburg,South Africa,-26.2044,28.0456,7860781.0,44.87,15.89,31.28,35.54,41.17,72.15,19.2,15.3,10.7,17.0,15.5
Hong Kong,Hong Kong,22.3,114.2,7450000.0,80.71,74.57,77.83,84.72,58.58,65.74,17.0,22.5,28.4,25.0,23.3
Riyadh,Saudi Arabia,24.65,46.71,7237000.0,53.85,16.29,36.24,43.62,43.19,92.73,15.3,26.3,35.0,26.7,26.0
Santiago,Chile,-33.4372,-70.6506,7171000.0,45.64,15.3,31.42,40.12,47.92,32.08,20.5,14.5,9.0,14.9,14.7
Surabaya,Indonesia,-7.2458,112.7378,6556000.0,34.65,10.31,23.24,37.39,17.58,23.63,27.0,27.2,26.5,27.9,27.1
Madrid,Spain,40.4169,-3.7033,6211000.0,59.01,31.95,46.32,49.14,62.31,74.83,7.0,13.6,24.3,15.3,15.0
Baghdad,Iraq,33.3153,44.3661,6183000.0,34.81,12.34,24.28,30.46,26.09,39.03,11.0,22.5,33.7,23.9,22.77
Singapore,Singapore,1.3,103.8,5983000.0,83.98,66.43,75.75,77.08,61.17,91.34,26.7,28.0,28.0,27.0,27.0
Ankara,Turkey,39.93,32.85,5864049.0,27.17,6.31,17.39,21.43,17.97,39.07,1.6,11.1,22.4,12.9,12.0
Addis Ababa,Ethiopia,9.03,38.74,5704000.0,50.49,17.44,35.0,36.77,21.45,9.83,16.0,17.3,16.0,15.7,16.0
Toronto,Canada,43.7417,-79.3733,5647656.0,74.29,51.78,63.74,69.91,74.36,101.29,-2.3,7.8,21.1,10.9,9.4
Saint Petersburg,Russia,59.9375,30.3086,5597763.0,37.81,17.14,28.12,32.33,36.46,40.77,-5.0,5.0,17.1,6.0,5.8
Nairobi,Kenya,-1.2864,36.8172,5545000.0,35.88,13.57,25.42,32.25,30.62,29.23,18.3,18.8,15.9,18.1,17.8
Guadalajara,Mexico,20.6767,-103.3475,5525000.0,34.05,16.78,25.96,34.1,31.66,35.99,17.7,22.7,22.6,20.7,20.9
Belo Horizonte,Brazil,-19.9281,-43.9419,5328000.0,32.5,7.89,20.97,25.09,21.89,20.99,22.7,21.4,18.7,21.7,21.1
Monterrey,Mexico,25.6844,-100.3181,5324281.0,38.46,15.34,27.62,37.47,36.54,42.98,15.4,23.2,28.3,22.3,22.3
Melbourne,Australia,-37.8142,144.9631,5031195.0,76.76,38.65,58.9,77.78,74.68,102.16,19.6,15.6,10.4,14.7,15.1
Abidjan,Côte d’Ivoire,5.3364,-4.0267,4980000.0,47.06,19.73,34.25,40.32,32.22,6.27,27.3,27.7,25.0,26.0,26.0
Alexandria,Egypt,31.1975,29.8925,4870000.0,28.43,6.64,18.22,27.33,22.78,20.28,14.1,18.5,25.5,21.9,20.0
Sydney,Australia,-33.8667,151.2,4840600.0,83.21,58.03,71.41,79.65,73.06,104.52,22.0,18.4,12.9,17.6,17.7
Barcelona,Spain,41.3833,2.1833,4800000.0,61.15,30.6,46.83,49.39,61.89,70.83,12.2,16.4,24.9,19.1,18.2
Cape Town,South Africa,-33.9253,18.4239,4770313.0,40.98,22.64,32.38,34.81,41.41,75.83,20.1,16.8,12.3,15.7,16.2
Berlin,Germany,52.52,13.405,4679500.0,68.94,38.59,54.71,56.41,61.05,105.86,1.4,10.0,19.3,10.6,10.3
Kabul,Afghanistan,34.5253,69.1783,4273156.0,21.35,3.17,12.83,15.22,14.85,22.79,-0.8,12.1,24.0,12.9,12.1
Montreal,Canada,45.5089,-73.5617,3675219.0,70.6,31.2,52.13,73.62,68.41,89.93,-7.6,5.9,20.0,8.7,6.8
Dubai,United Arab Emirates,25.2631,55.2972,3331420.0,64.32,44.08,54.83,48.24,70.7,101.11,19.5,26.1,33.7,28.4,26.9
Caracas,Venezuela,10.4806,-66.9036,3242000.0,45.31,12.08,29.73,37.6,48.6,15.87,20.6,22.5,22.4,22.4,22.0
Tashkent,Uzbekistan,41.3111,69.2797,3095498.0,29.36,10.66,20.59,28.76,27.02,22.63,3.1,15.1,26.6,14.3,14.8
Guayaquil,Ecuador,-2.19,-79.8875,3094420.0,38.57,11.65,25.95,34.01,29.39,31.41,27.2,27.6,25.3,25.8,26.5
Athens,Greece,37.9842,23.7281,3059764.0,58.97,17.92,39.73,46.99,60.78,40.03,10.9,17.3,28.4,20.2,19.2
Kuwait City,Kuwait,29.3697,47.9783,2989000.0,48.0,31.21,40.13,35.81,47.2,68.84,13.8,25.2,36.8,26.8,25.7
Pretoria,South Africa,-25.7461,28.1881,2818100.0,42.76,14.21,29.38,35.05,36.46,87.26,22.2,17.9,12.7,19.9,18.2
Rome,Italy,41.8931,12.4828,2748109.0,71.0,37.19,55.15,62.72,70.26,51.33,8.0,13.3,23.2,16.2,15.2
Brisbane,Australia,-27.4678,153.0281,2706966.0,79.44,37.56,59.81,79.33,74.5,103.8,25.4,22.0,16.6,21.6,21.4
Valencia,Venezuela,10.1833,-68.0,2585202.0,52.97,22.45,38.67,45.34,55.18,70.04,12.3,16.6,24.9,19.5,18.3
Damascus,Syria,33.502,36.2981,2584771.0,36.38,8.96,23.53,37.61,28.65,5.03,7.1,16.1,26.4,18.4,17.0
Taipei,Taiwan,25.0375,121.5625,2494813.0,65.8,24.64,46.5,80.24,34.24,59.33,16.8,21.9,28.8,24.5,23.0
Vancouver,Canada,49.25,-123.1,2426160.0,76.61,56.47,67.17,79.84,74.29,87.68,4.2,9.7,17.2,10.5,10.4
Beirut,Lebanon,33.8981,35.5058,2421354.0,120.47,27.76,77.01,141.33,116.95,15.4,14.6,18.8,26.6,23.5,20.9
Bucharest,Romania,44.4325,26.1039,2412530.0,40.1,14.84,28.26,33.5,39.45,53.15,-0.2,11.1,21.7,10.9,10.8
Algiers,Algeria,36.7325,3.0872,2364230.0,29.84,6.67,18.98,30.25,20.79,21.78,11.7,15.1,23.7,19.3,17.4
Baku,Azerbaijan,40.3667,49.8352,2300500.0,31.6,9.46,21.23,27.73,29.83,28.03,5.3,12.8,25.4,16.8,15.1
Almaty,Kazakhstan,43.24,76.915,2228675.0,30.22,11.95,21.65,26.98,28.64,33.55,-3.5,10.5,22.8,10.1,10.0
Vienna,Austria,48.2083,16.3725,2223236.0,68.36,34.66,52.56,61.71,66.93,79.56,1.0,10.7,19.9,10.2,10.4
Perth,Australia,-31.9558,115.8597,2141834.0,77.29,33.08,56.57,76.45,72.08,110.04,24.0,19.8,13.5,17.5,18.7
Phnom Penh,Cambodia,11.5696,104.921,2129371.0,50.1,18.84,35.44,54.48,23.19,14.8,27.0,29.9,28.8,27.5,28.3
Havana,Cuba,23.1367,-82.3589,2089532.0,55.91,17.2,37.77,45.92,40.14,1.62,22.5,24.9,27.5,26.0,25.2
Warsaw,Poland,52.23,21.0111,2028000.0,43.94,20.55,32.98,33.93,42.14,66.04,-1.0,8.6,18.2,8.4,8.5
Minsk,Belarus,53.9006,27.5586,1992862.0,32.79,12.07,23.08,28.51,33.48,31.15,-4.1,6.8,17.5,6.4,6.7
San Juan,Puerto Rico,18.3985,-66.061,1809800.0,70.14,32.29,52.4,74.76,58.11,66.7,25.2,26.9,28.6,27.9,27.2
San Juan,Puerto Rico,18.3985,-66.061,1809800.0,70.14,32.29,52.4,74.76,58.11,66.7,26.3,17.4,8.9,19.2,17.9
Curitiba,Brazil,-25.4297,-49.2719,1773718.0,31.81,7.62,20.47,27.2,25.31,32.28,20.1,17.1,13.4,16.6,16.8
San Jose,United States,37.3012,-121.848,1771563.0,47.65,17.47,33.51,46.14,43.16,42.86,11.3,15.6,21.2,17.5,16.4
Quito,Ecuador,-0.22,-78.5125,1763275.0,40.48,12.62,27.42,38.0,31.34,29.69,14.2,14.4,14.7,14.5,14.4
Lusaka,Zambia,-15.4167,28.2833,1747152.0,33.57,10.18,22.6,32.85,23.63,37.48,21.6,19.5,15.8,22.7,19.9
Montevideo,Uruguay,-34.9056,-56.1842,1719453.0,52.0,15.11,34.71,43.85,47.54,30.79,22.3,17.3,11.2,16.0,16.7
Budapest,Hungary,47.4983,19.0408,1686222.0,46.13,16.01,32.01,39.18,41.98,52.66,1.5,11.6,20.8,11.4,11.3
Kampala,Uganda,0.3136,32.5811,1680600.0,35.98,11.5,24.5,32.5,26.61,9.83,21.7,21.0,20.0,20.7,20.0
Novosibirsk,Russia,55.05,82.95,1633851.0,32.26,9.98,21.81,28.73,31.27,38.35,-15.1,2.2,17.7,2.1,1.7
Valencia,Spain,39.47,-0.3764,1595000.0,52.97,22.45,38.67,45.34,55.18,70.04,12.3,16.6,24.9,19.5,18.3
Harare,Zimbabwe,-17.8292,31.0522,1558823.0,45.69,9.56,28.75,37.05,39.05,17.59,20.9,18.4,14.2,20.2,18.4
San Jose,Costa Rica,9.9325,-84.08,1543000.0,47.65,17.47,33.51,46.14,43.16,42.86,11.3,15.6,21.2,17.5,16.4
San Salvador,El Salvador,13.6989,-89.1914,1538525.0,45.32,14.02,30.65,44.47,37.11,21.83,22.3,24.2,23.3,22.7,23.1
Amsterdam,Netherlands,52.3728,4.8936,1477213.0,80.82,55.8,69.09,64.45,85.59,94.45,3.6,9.4,16.8,10.9,10.2
Auckland,New Zealand,-36.8492,174.7653,1470100.0,80.19,45.49,63.93,75.19,79.09,79.21,18.9,16.2,11.3,14.2,15.2
Dakar,Senegal,14.6726,-17.432,1438725.0,50.87,23.33,37.96,42.88,46.64,23.14,21.7,21.3,26.3,26.7,24.0
Muscat,Oman,23.6139,58.5922,1421409.0,51.24,18.54,35.91,47.14,48.5,86.53,21.7,29.7,33.7,28.7,28.0
Sofia,Bulgaria,42.6979,23.3217,1404116.0,42.24,14.58,29.27,36.68,38.75,55.31,0.4,10.5,20.4,11.0,10.6
Ulaanbaatar,Mongolia,47.9214,106.9055,1396288.0,34.86,11.11,23.73,36.15,23.35,25.02,-19.1,1.6,16.6,-0.6,-0.4
Adelaide,Australia,-34.9275,138.6,1387290.0,76.59,32.79,56.06,78.09,67.72,104.24,22.6,17.3,12.0,16.9,17.3
Prague,Czechia,50.0875,14.4214,1384732.0,51.78,26.02,39.7,45.19,42.51,71.96,-0.7,8.5,17.4,8.4,8.4
Copenhagen,Denmark,55.6805,12.5615,1366301.0,88.34,49.42,70.1,71.49,106.02,90.67,1.8,7.9,17.1,9.7,9.1
Helsinki,Finland,60.1708,24.9375,1360075.0,77.17,38.32,58.96,69.7,83.74,83.51,-3.5,4.3,16.2,6.6,5.9
Milan,Italy,45.4669,9.19,1354196.0,74.8,44.61,60.65,62.83,80.37,53.96,3.5,12.7,22.5,13.3,13.0
Santiago,Dominican Republic,19.4572,-70.6889,1343423.0,45.64,15.3,31.42,40.12,47.92,32.08,20.5,14.5,9.0,14.9,14.7
Porto Alegre,Brazil,-30.0328,-51.23,1332845.0,32.33,8.88,21.34,30.16,24.97,31.24,24.2,20.0,14.6,19.0,19.5
Barranquilla,Colombia,10.9833,-74.8019,1326588.0,28.42,7.77,18.74,25.66,18.16,27.03,26.7,27.5,28.0,27.4,27.4
Calgary,Canada,51.05,-114.0667,1306784.0,73.4,34.08,54.97,70.06,72.09,114.16,-6.4,4.2,15.3,4.6,4.4
Brussels,Belgium,50.8467,4.3525,1249597.0,74.39,33.35,55.15,64.69,77.0,87.04,3.6,10.1,17.5,10.9,10.5
